<?xml version="1.0" encoding="UTF-8" standalone="yes" ?><metadata xmlns="http://schemas.mathworks.com/appDesigner/app/2017/appMetadata"><description></description><MLAPPVersion>2</MLAPPVersion><minimumSupportedMATLABRelease>R2018a</minimumSupportedMATLABRelease><screenshotMode>auto</screenshotMode><uuid>d0f728c8-359d-446f-897a-cdab80438f41</uuid><AppType>Standard</AppType><componentProducts/><imageRelativePaths><imageRelativePath path="Flecha afuera.png"/><imageRelativePath path="Flecha arriba.png"/><imageRelativePath path="Flecha adentro.png"/><imageRelativePath path="Flecha derecha.png"/><imageRelativePath path="Flecha abajo.png"/><imageRelativePath path="Flecha izquierda.png"/><imageRelativePath path="punto azul.png"/></imageRelativePaths><userComponents/></metadata>